{"success":true,"data":{"physicalInventoryValue":2300.0000000,"ledgerInventoryBalance":2300.00,"variance":0E-7},"timestamp":1768119757.584841153}